degree,fit_time,gamma,index,kernel,name,score,score_time
3,0.01699995994567871,auto,linear (3),linear,SVM,0.9387040280210157,0.003999948501586914
4,0.01699995994567871,auto,linear (4),linear,SVM,0.9387040280210157,0.003999948501586914
3,0.03299999237060547,0.66,poly (3),poly,SVM,0.9702276707530648,0.006000041961669922
4,0.0280001163482666,0.66,poly (4),poly,SVM,0.9509632224168126,0.007999897003173828
3,0.05900001525878906,0.66,rbf (3),rbf,SVM,0.9176882661996497,0.017000198364257812
4,0.06299996376037598,0.66,rbf (4),rbf,SVM,0.9176882661996497,0.018000125885009766
3,0.03299999237060547,auto,sigmoid (3),sigmoid,SVM,0.830122591943958,0.010999917984008789
4,0.03299999237060547,auto,sigmoid (4),sigmoid,SVM,0.830122591943958,0.012000083923339844
