fit_time,index,name,score,score_time
0.750999927520752,"3
(15.15.15)",Neural Network w/ 3 layers,0.9719789842381786,0.0009999275207519531
