fit_time,index,name,score,score_time
1.059000015258789,"2
(15.15)",Neural Network w/ 2 layers,0.9614711033274956,0.0009999275207519531
1.0109999179840088,"3
(15.15.15)",Neural Network w/ 3 layers,0.9929947460595446,0.0
1.0279998779296875,"4
(15.15.15.15)",Neural Network w/ 4 layers,0.9842381786339754,0.009000062942504883
0.9639999866485596,"5
(15.15.15.15.15)",Neural Network w/ 5 layers,0.9754816112084063,0.0
